
INSERT INTO MusicDB.Genre (Genre_ID, Genre_Name) VALUES (1, 'Speed Metal');
INSERT INTO MusicDB.Genre (Genre_ID, Genre_Name) VALUES (2, 'Black Metal');
INSERT INTO MusicDB.Genre (Genre_ID, Genre_Name) VALUES (3, 'Doom Metal');
INSERT INTO MusicDB.Genre (Genre_ID, Genre_Name) VALUES (4, 'Hard Rock');
INSERT INTO MusicDB.Genre (Genre_ID, Genre_Name) VALUES (5, 'Funk');
INSERT INTO MusicDB.Country (Country_ID, Country_Name) VALUES (1, 'United Kingdom');
INSERT INTO MusicDB.Country (Country_ID, Country_Name) VALUES (2, 'Canada');
INSERT INTO MusicDB.Country (Country_ID, Country_Name) VALUES (3, 'Poland');
INSERT INTO MusicDB.Country (Country_ID, Country_Name) VALUES (4, 'Brazil');
INSERT INTO MusicDB.Country (Country_ID, Country_Name) VALUES (5, 'United States');
INSERT INTO MusicDB.Country (Country_ID, Country_Name) VALUES (6, 'Japan');
INSERT INTO MusicDB.Country (Country_ID, Country_Name) VALUES (7, 'Australia');
INSERT INTO MusicDB.Label (Label_ID, Label_Name) VALUES (1, 'UDR Music');
INSERT INTO MusicDB.Label (Label_ID, Label_Name) VALUES (2, 'Crown Stones');
INSERT INTO MusicDB.Label (Label_ID, Label_Name) VALUES (3, 'Profound Lore');
INSERT INTO MusicDB.Label (Label_ID, Label_Name) VALUES (4, 'Warner Music Japan');
INSERT INTO MusicDB.Artist (Artist_ID, Artist_Name, Country_ID, Label_ID) VALUES (1, 'Motorhead', 1, null);
INSERT INTO MusicDB.Artist (Artist_ID, Artist_Name, Country_ID, Label_ID) VALUES (2, 'Pagan Hellfire', 2, null);
INSERT INTO MusicDB.Artist (Artist_ID, Artist_Name, Country_ID, Label_ID) VALUES (3, 'Dark Fury', 3, null);
INSERT INTO MusicDB.Artist (Artist_ID, Artist_Name, Country_ID, Label_ID) VALUES (4, 'Evil', 4, null);
INSERT INTO MusicDB.Artist (Artist_ID, Artist_Name, Country_ID, Label_ID) VALUES (5, 'A Pale Horse Named Death', 4, null);
INSERT INTO MusicDB.Artist (Artist_ID, Artist_Name, Country_ID, Label_ID) VALUES (6, 'BandMaid', 6, 2);
INSERT INTO MusicDB.Artist (Artist_ID, Artist_Name, Country_ID, Label_ID) VALUES (7, 'Bell Witch', 5, 3);
INSERT INTO MusicDB.Artist (Artist_ID, Artist_Name, Country_ID, Label_ID) VALUES (8, 'Bradio', 6, 4);
INSERT INTO MusicDB.Artist (Artist_ID, Artist_Name, Country_ID, Label_ID) VALUES (9, 'Mesarthim', 7, null);
INSERT INTO MusicDB.Album (Album_ID, Album_Name, Genre_ID,artist_id) VALUES (1, 'Overkill', 1,1);
INSERT INTO MusicDB.Album (Album_ID, Album_Name, Genre_ID,artist_id) VALUES (2, 'We Know How To Hate', 2,2);
INSERT INTO MusicDB.Album (Album_ID, Album_Name, Genre_ID,artist_id) VALUES (3, 'And Hell Will Follow Me', 3,5);
INSERT INTO MusicDB.Album (Album_ID, Album_Name, Genre_ID,artist_id) VALUES (4, 'World Domination', 4,6);
INSERT INTO MusicDB.Album (Album_ID, Album_Name, Genre_ID,artist_id) VALUES (5, 'Mirror Reaper', 3,7);
INSERT INTO MusicDB.Album (Album_ID, Album_Name, Genre_ID,artist_id) VALUES (6, 'Flyers', 5,8);
INSERT INTO MusicDB.Album (Album_ID, Album_Name, Genre_ID,artist_id) VALUES (7, 'The Great Filter', 2,9);
INSERT INTO MusicDB.Album (Album_ID, Album_Name, Genre_ID,artist_id) VALUES (8, 'Type III', 2,9);

INSERT INTO MusicDB.Track (Track_ID, Track_Name, Album_ID,artist_id) VALUES (1, 'Overkill', 1,1);
INSERT INTO MusicDB.Track (Track_ID, Track_Name, Album_ID,artist_id) VALUES (2, 'Stay Clean', 1,1);
INSERT INTO MusicDB.Track (Track_ID, Track_Name, Album_ID,artist_id) VALUES (3,  '(I Won''t) Pay Your Price', 1,1);
INSERT INTO MusicDB.Track (Track_ID, Track_Name, Album_ID,artist_id) VALUES (4,  'I''ll Be Your Sister', 1,1);
INSERT INTO MusicDB.Track (Track_ID, Track_Name, Album_ID,artist_id) VALUES (5,  'Capricorn', 1,1);
INSERT INTO MusicDB.Track (Track_ID, Track_Name, Album_ID,artist_id) VALUES (6,  'No Class', 1,1);
INSERT INTO MusicDB.Track (Track_ID, Track_Name, Album_ID,artist_id) VALUES (7,  'Damage Case', 1,1);
INSERT INTO MusicDB.Track (Track_ID, Track_Name, Album_ID,artist_id) VALUES (8,  'Tear Ya Down', 1,1);
INSERT INTO MusicDB.Track (Track_ID, Track_Name, Album_ID,artist_id) VALUES (9,  'Metropolis', 1,1);
INSERT INTO MusicDB.Track (Track_ID, Track_Name, Album_ID,artist_id) VALUES (10, 'Limb From Limb', 1,1);
INSERT INTO MusicDB.Track (Track_ID, Track_Name, Album_ID,artist_id) VALUES (11, 'And Hell Will Follow Me', 3,5);
INSERT INTO MusicDB.Track (Track_ID, Track_Name, Album_ID,artist_id) VALUES (12, 'As Black As My Heart', 3,5);
INSERT INTO MusicDB.Track (Track_ID, Track_Name, Album_ID,artist_id) VALUES (13, 'To Die In Your Arms', 3,5);
INSERT INTO MusicDB.Track (Track_ID, Track_Name, Album_ID,artist_id) VALUES (14, 'Heroin Train', 3,5);
INSERT INTO MusicDB.Track (Track_ID, Track_Name, Album_ID,artist_id) VALUES (15, 'Devil in the Closet', 3,5);
INSERT INTO MusicDB.Track (Track_ID, Track_Name, Album_ID,artist_id) VALUES (16, 'Cracks in the Walls', 3,5);
INSERT INTO MusicDB.Track (Track_ID, Track_Name, Album_ID,artist_id) VALUES (17, 'Bad Dream', 3,5);
INSERT INTO MusicDB.Track (Track_ID, Track_Name, Album_ID,artist_id) VALUES (18, 'Bath in My Blood (Schizophrenia in Me)', 3,5);
INSERT INTO MusicDB.Track (Track_ID, Track_Name, Album_ID,artist_id) VALUES (19, 'Pill Head', 3,5);
INSERT INTO MusicDB.Track (Track_ID, Track_Name, Album_ID,artist_id) VALUES (20, 'Meet the Wolf', 3,5);
INSERT INTO MusicDB.Track (Track_ID, Track_Name, Album_ID,artist_id) VALUES (21, 'Serial Killer', 3,5);
INSERT INTO MusicDB.Track (Track_ID, Track_Name, Album_ID,artist_id) VALUES (22, 'When the Crows Descend Upon You', 3,5);
INSERT INTO MusicDB.Track (Track_ID, Track_Name, Album_ID,artist_id) VALUES (23, 'Die Alone', 3,5);
INSERT INTO MusicDB.Track (Track_ID, Track_Name, Album_ID,artist_id) VALUES (24, 'Mirror Reaper', 5,7);
INSERT INTO MusicDB.Track (Track_ID, Track_Name, Album_ID,artist_id) VALUES (25, 'The Great Filter', 7,9);
INSERT INTO MusicDB.Track (Track_ID, Track_Name, Album_ID,artist_id) VALUES (26, 'Type III', 8,9);